file,type,batch,key,used_in,description,variation,status,notes
w_cat.jpg,單詞圖,0,cat,A01:target,cat：單一物件，置中,,done,
w_cut.jpg,單詞圖,0,cut,A01:phon,一把剪刀正在剪一張紙（動作）,,done,
w_king.jpg,單詞圖,0,king,A10:target,戴皇冠、穿披風的國王，全身,,done,
w_man.jpg,單詞圖,0,man,A08:target A10:sem,一個成年男人，全身，普通衣著，不戴帽子,,done,第0批風格已核可；人物臉部偏年輕。
c01_o.jpg,情境圖,0,C01,C01:object（The cat sits on the mat.）,貓坐在床上,只換地點或受詞，其餘與基準圖相同,done,
c01_s.jpg,情境圖,0,C01,C01:subject（The cat sits on the mat.）,狗坐在墊子上,只換主詞，其餘與基準圖相同,done,
c01_t.jpg,情境圖,0,C01,C01:target（The cat sits on the mat.）,貓坐在墊子上,基準圖（先畫這張）,done,
c01_v.jpg,情境圖,0,C01,C01:verb（The cat sits on the mat.）,貓站在墊子上,只換動作、屬性或位置關係，其餘與基準圖相同,done,
w_apple.jpg,單詞圖,1,apple,A30:target,apple：單一物件，置中,,done,
w_bag.jpg,單詞圖,1,bag,A04:phon A15:unrel,一個手提袋,,done,
w_ball.jpg,單詞圖,1,ball,A04:sem,ball：單一物件，置中,,done,
w_banana.jpg,單詞圖,1,banana,A26:target,banana：單一物件，置中,,done,
w_band.jpg,單詞圖,1,band,A14:phon,樂團：三個人演奏樂器（已確認）,,done,
w_basket.jpg,單詞圖,1,basket,A32:unrel,basket：單一物件，置中,,done,
w_bat.jpg,單詞圖,1,bat,A04:target,棒球棒（已確認，不是蝙蝠）,,done,
w_bear.jpg,單詞圖,1,bear,PA2:unrel,一隻熊,,done,
w_bed.jpg,單詞圖,1,bed,A02:unrel A05:target,bed：單一物件，置中,,done,
w_bee.jpg,單詞圖,1,bee,A28:sem,bee：單一物件，置中,,done,
w_bird.jpg,單詞圖,1,bird,A17:sem,bird：單一物件，置中,,done,
w_boat.jpg,單詞圖,1,boat,PA2:unrel,boat：單一物件，置中,,done,
w_book.jpg,單詞圖,1,book,PA1:unrel,book：單一物件，置中,,done,
w_bottle.jpg,單詞圖,1,bottle,A28:unrel,bottle：單一物件，置中,,done,
w_box.jpg,單詞圖,1,box,A12:unrel A17:unrel,一個紙箱,,done,
w_boy.jpg,單詞圖,1,boy,A08:sem,一個小男孩，全身,,done,
w_branch.jpg,單詞圖,1,branch,A22:phon,一根帶幾片葉子的樹枝,,done,
w_brush.jpg,單詞圖,1,brush,A22:target,一把髮刷（暫定詞義）,,done,
w_bus.jpg,單詞圖,1,bus,A07:unrel A24:unrel,bus：單一物件，置中,,done,
w_butterfly.jpg,單詞圖,1,butterfly,A28:target,butterfly：單一物件，置中,,done,
w_candle.jpg,單詞圖,1,candle,A29:unrel,candle：單一物件，置中,,done,
w_car.jpg,單詞圖,1,car,PA1:target,car：單一物件，置中,,done,
w_chair.jpg,單詞圖,1,chair,PA1:unrel,chair：單一物件，置中,,done,
w_cherry.jpg,單詞圖,1,cherry,A30:sem,cherry：單一物件，置中,,done,
w_chin.jpg,單詞圖,1,chin,A24:target,人臉下半部特寫，用圓圈標出下巴,,done,
w_clock.jpg,單詞圖,1,clock,A08:unrel A21:phon,圓形掛鐘,,done,
w_cow.jpg,單詞圖,1,cow,A06:unrel A20:unrel,cow：單一物件，置中,,done,
w_crack.jpg,單詞圖,1,crack,A23:phon,牆上的一道裂縫,,done,
w_cup.jpg,單詞圖,1,cup,A13:sem A23:unrel,有把手的杯子,,done,
w_desk.jpg,單詞圖,1,desk,A09:unrel A16:unrel,desk：單一物件，置中,,done,
w_dog.jpg,單詞圖,1,dog,A01:sem,dog：單一物件，置中,,done,
w_door.jpg,單詞圖,1,door,A31:sem,door：單一物件，置中,,done,
w_dress.jpg,單詞圖,1,dress,A13:unrel,一件洋裝,,done,
w_drum.jpg,單詞圖,1,drum,A11:unrel A21:unrel,drum：單一物件，置中,,done,
w_duck.jpg,單詞圖,1,duck,A02:sem A16:sem,duck：單一物件，置中,,done,
w_egg.jpg,單詞圖,1,egg,A03:unrel A11:target,egg：單一物件，置中,,done,
w_elephant.jpg,單詞圖,1,elephant,A25:target,elephant：單一物件，置中,,done,
w_fish.jpg,單詞圖,1,fish,A10:unrel A19:sem,fish：單一物件，置中,,done,
w_flower.jpg,單詞圖,1,flower,A32:unrel,flower：單一物件，置中,,done,
w_foot.jpg,單詞圖,1,foot,A14:sem,一隻腳掌,,done,
w_frog.jpg,單詞圖,1,frog,A05:unrel A16:target,frog：單一物件，置中,,done,
w_giraffe.jpg,單詞圖,1,giraffe,A25:sem,giraffe：單一物件，置中,,done,
w_girl.jpg,單詞圖,1,girl,PA2:unrel,一個小女孩，全身,,done,
w_glass.jpg,單詞圖,1,glass,A13:target,空的透明玻璃杯，沒有把手,,done,
w_grass.jpg,單詞圖,1,grass,A13:phon,一片草地,,done,
w_hand.jpg,單詞圖,1,hand,A07:sem A14:target,一隻張開的手,,done,
w_hat.jpg,單詞圖,1,hat,A03:target,hat：單一物件，置中,,done,
w_hot.jpg,單詞圖,1,hot,A03:phon,一碗冒著熱氣的湯,,done,
w_jacket.jpg,單詞圖,1,jacket,A27:sem,jacket：單一物件，置中,,done,
w_kangaroo.jpg,單詞圖,1,kangaroo,A32:sem,kangaroo：單一物件，置中,,done,
w_key.jpg,單詞圖,1,key,A21:sem,一把鑰匙,,done,
w_kitten.jpg,單詞圖,1,kitten,A29:sem,kitten：單一物件，置中,,done,
w_ladder.jpg,單詞圖,1,ladder,A28:unrel,ladder：單一物件，置中,,done,
w_leg.jpg,單詞圖,1,leg,A07:target A11:phon,一條腿,,done,
w_lemon.jpg,單詞圖,1,lemon,A27:unrel,lemon：單一物件，置中,,done,
w_lock.jpg,單詞圖,1,lock,A21:target,一把掛鎖,,done,
w_log.jpg,單詞圖,1,log,A07:phon A16:phon,一段橫放的圓木,,done,
w_mat.jpg,單詞圖,1,mat,A08:phon,一塊地墊,,done,
w_milk.jpg,單詞圖,1,milk,A11:sem,一盒紙盒裝牛奶（不要用玻璃杯）,,done,
w_mirror.jpg,單詞圖,1,mirror,A30:unrel,mirror：單一物件，置中,,done,
w_monkey.jpg,單詞圖,1,monkey,A32:target,monkey：單一物件，置中,,done,
w_moon.jpg,單詞圖,1,moon,A09:sem,彎月,,done,
w_nail.jpg,單詞圖,1,nail,A06:sem,一根鐵釘（暫定詞義）,,done,
w_neck.jpg,單詞圖,1,neck,A17:phon A24:sem,頭部與肩膀之間，用圓圈標出脖子,,done,
w_nest.jpg,單詞圖,1,nest,A04:unrel A17:target,空的鳥巢,,done,
w_orange.jpg,單詞圖,1,orange,A26:sem,一顆柳橙（水果）,,done,
w_pan.jpg,單詞圖,1,pan,A06:phon,平底鍋,,done,
w_piano.jpg,單詞圖,1,piano,A25:unrel,piano：單一物件，置中,,done,
w_pig.jpg,單詞圖,1,pig,A02:target A18:unrel,pig：單一物件，置中,,done,
w_pillow.jpg,單詞圖,1,pillow,A05:sem A26:unrel,pillow：單一物件，置中,,done,
w_pin.jpg,單詞圖,1,pin,A02:phon A06:target,一根圓頭大頭針（暫定詞義）,,done,
w_plant.jpg,單詞圖,1,plant,A19:unrel,一盆盆栽,,done,
w_rabbit.jpg,單詞圖,1,rabbit,A29:target,rabbit：單一物件，置中,,done,
w_ring.jpg,單詞圖,1,ring,A10:phon,一只戒指,,done,
w_rooster.jpg,單詞圖,1,rooster,A31:unrel,rooster：單一物件，置中,,done,
w_rope.jpg,單詞圖,1,rope,A18:sem,一捆粗繩,,done,
w_run.jpg,單詞圖,1,run,A09:phon,一個小孩在跑步,,done,
w_shed.jpg,單詞圖,1,shed,A05:phon,花園裡的小木屋（工具棚）,,done,
w_shell.jpg,單詞圖,1,shell,A19:target,一枚貝殼,,done,
w_shoe.jpg,單詞圖,1,shoe,A20:sem,shoe：單一物件，置中,,done,
w_sick.jpg,單詞圖,1,sick,A20:phon,一個生病的小孩，嘴裡含體溫計、額頭敷毛巾（不要畫床）,,done,
w_sing.jpg,單詞圖,1,sing,A12:phon,一個小孩拿著麥克風唱歌,,done,
w_sit.jpg,單詞圖,1,sit,A12:target,一個小孩坐在地上,,done,
w_sled.jpg,單詞圖,1,sled,A15:sem,雪橇,,done,
w_soap.jpg,單詞圖,1,soap,A22:sem,一塊肥皂,,done,
w_sock.jpg,單詞圖,1,sock,A03:sem A20:target,sock：單一物件，置中,,done,
w_spoon.jpg,單詞圖,1,spoon,A31:unrel,spoon：單一物件，置中,,done,
w_stand.jpg,單詞圖,1,stand,A12:sem,一個小孩直立站著，雙手放在身體兩側,,done,
w_star.jpg,單詞圖,1,star,PA2:target,一顆星星,,done,
w_string.jpg,單詞圖,1,string,A18:target,一段細線,,done,
w_strong.jpg,單詞圖,1,strong,A18:phon,一個展示手臂肌肉的壯男人（不要畫鼓或箱子）,,done,
w_sun.jpg,單詞圖,1,sun,A01:unrel A09:target,太陽,,done,
w_sweater.jpg,單詞圖,1,sweater,A29:unrel,sweater：單一物件，置中,,done,
w_swim.jpg,單詞圖,1,swim,A15:phon,一個小孩在水裡游泳,,done,
w_swing.jpg,單詞圖,1,swing,A15:target,一座鞦韆（上面沒有人）,,done,
w_tent.jpg,單詞圖,1,tent,A14:unrel A22:unrel,tent：單一物件，置中,,done,
w_thin.jpg,單詞圖,1,thin,A24:phon,一個非常瘦的人，全身,,done,
w_tiger.jpg,單詞圖,1,tiger,A27:unrel,tiger：單一物件，置中,,done,
w_tomato.jpg,單詞圖,1,tomato,A25:unrel,tomato：單一物件，置中,,done,
w_track.jpg,單詞圖,1,track,A23:target,鐵軌（已確認，畫面中不要有火車）,,done,
w_train.jpg,單詞圖,1,train,A23:sem,火車（不要畫出明顯的鐵軌）,,done,
w_tree.jpg,單詞圖,1,tree,PA1:unrel,tree：單一物件，置中,,done,
w_turtle.jpg,單詞圖,1,turtle,A30:unrel,turtle：單一物件，置中,,done,
w_umbrella.jpg,單詞圖,1,umbrella,A27:target,umbrella：單一物件，置中,,done,
w_well.jpg,單詞圖,1,well,A19:phon,石砌水井（已確認）,,done,
w_window.jpg,單詞圖,1,window,A31:target,window：單一物件，置中,,done,
w_zebra.jpg,單詞圖,1,zebra,A26:unrel,zebra：單一物件，置中,,done,
c02_o.jpg,情境圖,2,C02,C02:object（The dog runs up the hill.）,狗跑向箱子,只換地點或受詞，其餘與基準圖相同,done,
c02_s.jpg,情境圖,2,C02,C02:subject（The dog runs up the hill.）,豬跑上山丘,只換主詞，其餘與基準圖相同,done,
c02_t.jpg,情境圖,2,C02,C02:target（The dog runs up the hill.）,狗跑上山丘,基準圖（先畫這張）,done,
c02_v.jpg,情境圖,2,C02,C02:verb（The dog runs up the hill.）,狗坐在山丘上,只換動作、屬性或位置關係，其餘與基準圖相同,done,
c03_o.jpg,情境圖,2,C03,C03:object（The pig sits in the sun.）,豬坐在箱子裡,只換地點或受詞，其餘與基準圖相同,done,
c03_s.jpg,情境圖,2,C03,C03:subject（The pig sits in the sun.）,狗坐在太陽下,只換主詞，其餘與基準圖相同,done,
c03_t.jpg,情境圖,2,C03,C03:target（The pig sits in the sun.）,豬坐在太陽下,基準圖（先畫這張）,done,
c03_v.jpg,情境圖,2,C03,C03:verb（The pig sits in the sun.）,豬在太陽下跑,只換動作、屬性或位置關係，其餘與基準圖相同,done,
c04_o.jpg,情境圖,2,C04,C04:object（The man cuts the log.）,男人切蛋,只換地點或受詞，其餘與基準圖相同,done,依清單維持構圖與受詞比例，蛋較大；建議人工確認辨識效果。
c04_s.jpg,情境圖,2,C04,C04:subject（The man cuts the log.）,國王砍木頭,只換主詞，其餘與基準圖相同,done,
c04_t.jpg,情境圖,2,C04,C04:target（The man cuts the log.）,男人砍木頭,基準圖（先畫這張）,done,
c04_v.jpg,情境圖,2,C04,C04:verb（The man cuts the log.）,男人拉木頭,只換動作、屬性或位置關係，其餘與基準圖相同,done,
c05_o.jpg,情境圖,2,C05,C05:object（The egg is in the pan.）,蛋在杯子裡,只換地點或受詞，其餘與基準圖相同,done,
c05_s.jpg,情境圖,2,C05,C05:subject（The egg is in the pan.）,魚在鍋子裡,只換主詞，其餘與基準圖相同,done,
c05_t.jpg,情境圖,2,C05,C05:target（The egg is in the pan.）,蛋在鍋子裡,基準圖（先畫這張）,done,
c05_v.jpg,情境圖,2,C05,C05:verb（The egg is in the pan.）,蛋在鍋子旁邊,只換動作、屬性或位置關係，其餘與基準圖相同,done,
c06_o.jpg,情境圖,2,C06,C06:object（The king pulls the bag.）,國王拉箱子,只換地點或受詞，其餘與基準圖相同,done,
c06_s.jpg,情境圖,2,C06,C06:subject（The king pulls the bag.）,男人拉袋子,只換主詞，其餘與基準圖相同,done,
c06_t.jpg,情境圖,2,C06,C06:target（The king pulls the bag.）,國王拉袋子,基準圖（先畫這張）,done,
c06_v.jpg,情境圖,2,C06,C06:verb（The king pulls the bag.）,國王抱著袋子,只換動作、屬性或位置關係，其餘與基準圖相同,done,
c07_o.jpg,情境圖,2,C07,C07:object（The duck is on the log.）,鴨子在雪橇上,只換地點或受詞，其餘與基準圖相同,done,
c07_s.jpg,情境圖,2,C07,C07:subject（The duck is on the log.）,青蛙在木頭上,只換主詞，其餘與基準圖相同,done,
c07_t.jpg,情境圖,2,C07,C07:target（The duck is on the log.）,鴨子在木頭上,基準圖（先畫這張）,done,
c07_v.jpg,情境圖,2,C07,C07:verb（The duck is on the log.）,鴨子在木頭旁游泳,只換動作、屬性或位置關係，其餘與基準圖相同,done,
c08_o.jpg,情境圖,2,C08,C08:object（The frog swims in the pond.）,青蛙在玻璃杯裡游,只換地點或受詞，其餘與基準圖相同,done,
c08_s.jpg,情境圖,2,C08,C08:subject（The frog swims in the pond.）,魚在池塘裡游,只換主詞，其餘與基準圖相同,done,
c08_t.jpg,情境圖,2,C08,C08:target（The frog swims in the pond.）,青蛙在池塘裡游,基準圖（先畫這張）,done,
c08_v.jpg,情境圖,2,C08,C08:verb（The frog swims in the pond.）,青蛙坐在池塘邊,只換動作、屬性或位置關係，其餘與基準圖相同,done,
c09_o.jpg,情境圖,2,C09,C09:object（The king has a ring on his hand.）,國王腿上有戒指,只換地點或受詞，其餘與基準圖相同,done,依清單繪製腿上戒指，屬不自然的干擾情境；建議人工確認辨識效果。
c09_s.jpg,情境圖,2,C09,C09:subject（The king has a ring on his hand.）,男人手上有戒指,只換主詞，其餘與基準圖相同,done,
c09_t.jpg,情境圖,2,C09,C09:target（The king has a ring on his hand.）,國王手上有戒指,基準圖（先畫這張）,done,
c09_v.jpg,情境圖,2,C09,C09:verb（The king has a ring on his hand.）,國王手上拿杯子,只換動作、屬性或位置關係，其餘與基準圖相同,done,
c10_o.jpg,情境圖,2,C10,C10:object（The sock is in the box.）,襪子在袋子裡,只換地點或受詞，其餘與基準圖相同,done,
c10_s.jpg,情境圖,2,C10,C10:subject（The sock is in the box.）,帽子在箱子裡,只換主詞，其餘與基準圖相同,done,
c10_t.jpg,情境圖,2,C10,C10:target（The sock is in the box.）,襪子在箱子裡,基準圖（先畫這張）,done,
c10_v.jpg,情境圖,2,C10,C10:verb（The sock is in the box.）,襪子在箱子上,只換動作、屬性或位置關係，其餘與基準圖相同,done,
c11_o.jpg,情境圖,2,C11,C11:object（The cat licks the fish.）,貓舔牛奶,只換地點或受詞，其餘與基準圖相同,done,
c11_s.jpg,情境圖,2,C11,C11:subject（The cat licks the fish.）,狗舔魚,只換主詞，其餘與基準圖相同,done,
c11_t.jpg,情境圖,2,C11,C11:target（The cat licks the fish.）,貓舔魚,基準圖（先畫這張）,done,
c11_v.jpg,情境圖,2,C11,C11:verb（The cat licks the fish.）,貓聞魚,只換動作、屬性或位置關係，其餘與基準圖相同,done,
c12_o.jpg,情境圖,2,C12,C12:object（The pig runs in the grass.）,豬在池塘邊跑,只換地點或受詞，其餘與基準圖相同,done,
c12_s.jpg,情境圖,2,C12,C12:subject（The pig runs in the grass.）,狗在草地上跑,只換主詞，其餘與基準圖相同,done,
c12_t.jpg,情境圖,2,C12,C12:target（The pig runs in the grass.）,豬在草地上跑,基準圖（先畫這張）,done,
c12_v.jpg,情境圖,2,C12,C12:verb（The pig runs in the grass.）,豬坐在草地上,只換動作、屬性或位置關係，其餘與基準圖相同,done,
c13_o.jpg,情境圖,2,C13,C13:object（The man has a red hat.）,男人拿紅袋子,只換地點或受詞，其餘與基準圖相同,done,
c13_s.jpg,情境圖,2,C13,C13:subject（The man has a red hat.）,國王戴紅帽子,只換主詞，其餘與基準圖相同,done,
c13_t.jpg,情境圖,2,C13,C13:target（The man has a red hat.）,男人戴紅帽子,基準圖（先畫這張）,done,
c13_v.jpg,情境圖,2,C13,C13:verb（The man has a red hat.）,男人戴黑帽子,只換動作、屬性或位置關係，其餘與基準圖相同,done,
c14_o.jpg,情境圖,2,C14,C14:object（A big pig digs in the grass.）,大豬在池塘邊挖,只換地點或受詞，其餘與基準圖相同,done,
c14_s.jpg,情境圖,2,C14,C14:subject（A big pig digs in the grass.）,大狗在草地上挖,只換主詞，其餘與基準圖相同,done,
c14_t.jpg,情境圖,2,C14,C14:target（A big pig digs in the grass.）,大豬在草地上挖,基準圖（先畫這張）,done,
c14_v.jpg,情境圖,2,C14,C14:verb（A big pig digs in the grass.）,小豬在草地上挖,只換動作、屬性或位置關係，其餘與基準圖相同,done,
c15_o.jpg,情境圖,2,C15,C15:object（The black dog drinks the milk.）,黑狗吃魚,只換地點或受詞，其餘與基準圖相同,done,
c15_s.jpg,情境圖,2,C15,C15:subject（The black dog drinks the milk.）,黑貓喝牛奶,只換主詞，其餘與基準圖相同,done,
c15_t.jpg,情境圖,2,C15,C15:target（The black dog drinks the milk.）,黑狗喝牛奶,基準圖（先畫這張）,done,
c15_v.jpg,情境圖,2,C15,C15:verb（The black dog drinks the milk.）,白狗喝牛奶,只換動作、屬性或位置關係，其餘與基準圖相同,done,
c16_o.jpg,情境圖,2,C16,C16:object（The sad man sits on the bed.）,難過的男人坐在箱子上,只換地點或受詞，其餘與基準圖相同,done,
c16_s.jpg,情境圖,2,C16,C16:subject（The sad man sits on the bed.）,難過的狗坐在床上,只換主詞，其餘與基準圖相同,done,
c16_t.jpg,情境圖,2,C16,C16:target（The sad man sits on the bed.）,難過的男人坐在床上,基準圖（先畫這張）,done,
c16_v.jpg,情境圖,2,C16,C16:verb（The sad man sits on the bed.）,開心的男人坐在床上,只換動作、屬性或位置關係，其餘與基準圖相同,done,
c17_o.jpg,情境圖,2,C17,C17:object（The wet duck stands on the sled.）,濕鴨子站在巢裡,只換地點或受詞，其餘與基準圖相同,done,
c17_s.jpg,情境圖,2,C17,C17:subject（The wet duck stands on the sled.）,濕青蛙站在雪橇上,只換主詞，其餘與基準圖相同,done,
c17_t.jpg,情境圖,2,C17,C17:target（The wet duck stands on the sled.）,濕鴨子站在雪橇上,基準圖（先畫這張）,done,
c17_v.jpg,情境圖,2,C17,C17:verb（The wet duck stands on the sled.）,乾鴨子站在雪橇上,只換動作、屬性或位置關係，其餘與基準圖相同,done,
c18_o.jpg,情境圖,2,C18,C18:object（The strong man lifts the big drum.）,強壯的男人抬大箱子,只換地點或受詞，其餘與基準圖相同,done,
c18_s.jpg,情境圖,2,C18,C18:subject（The strong man lifts the big drum.）,強壯的國王抬大鼓,只換主詞，其餘與基準圖相同,done,
c18_t.jpg,情境圖,2,C18,C18:target（The strong man lifts the big drum.）,強壯的男人抬大鼓,基準圖（先畫這張）,done,
c18_v.jpg,情境圖,2,C18,C18:verb（The strong man lifts the big drum.）,瘦弱的男人抬大鼓,只換動作、屬性或位置關係，其餘與基準圖相同,done,
cp1_o.jpg,情境圖,2,PC1,PC1:object（The dog sits on the bed.）,狗坐在箱子上,只換地點或受詞，其餘與基準圖相同,done,
cp1_s.jpg,情境圖,2,PC1,PC1:subject（The dog sits on the bed.）,貓坐在床上,只換主詞，其餘與基準圖相同,done,
cp1_t.jpg,情境圖,2,PC1,PC1:target（The dog sits on the bed.）,狗坐在床上,基準圖（先畫這張）,done,
cp1_v.jpg,情境圖,2,PC1,PC1:verb（The dog sits on the bed.）,狗站在床上,只換動作、屬性或位置關係，其餘與基準圖相同,done,
